{
    "list": [
        {
            "no" : 1,
            "title": "딸기 레터링 케이크 캔들 +머리띠🍓",
            "price": 18900,
            "delivery": "free",
            "src": "https://image.idus.com/image/files/7ad7fcd0400d40319630e1520cac6119_1440.jpg"
        },
        {
            "no" : 2,
            "title": "위피베어 침구세트-프리지아",
            "price": 18000,
            "delivery": "3000",
            "src": "https://image.idus.com/image/files/994385ec40fd4ed8aa41381d78456b02_1440.jpg"
        },
        {
            "no" : 3,
            "title": "도화 비녀/한복 머리 장식/뒤꽂이",
            "price": 16910,
            "delivery": "free",
            "src": "https://image.idus.com/image/files/35e0882e95bd4f75bc14e70707b11029_1440.jpg"
        },
        {
            "no" : 4,
            "title": "미니미 꼬질곰 뜨개 인형 키링🧸💖",
            "price": 10100,
            "delivery": "3000",
            "src": "https://image.idus.com/image/files/93d923d7167e4a428a9771520ddda4cf_1440.jpg"
        },
        {
            "no" : 5,
            "title": "꽃에 취한냥🌸주병 선물세트",
            "price": 43000,
            "delivery": "3000",
            "src": "https://image.idus.com/image/files/0d8bdf6b191541e88cdc42892bc7ca23_1440.jpg"
        },
        {
            "no" : 6,
            "title": "납작뜨개키링",
            "price": 12000,
            "delivery": "3000",
            "src": "https://image.idus.com/image/files/63b018f447bb46018941598c1b219d6a_1440.jpg"
        }
    ]
}